职位名称,公司名称,工作地点,薪资,发布时间
python爬虫工程师（菱歌数字科技）,北京鼎盛阳光咨询有限公司,北京-朝阳区,1-2万/月,06-25
python爬虫分析工程师,北京海峰科技有限责任公司,北京-西城区,1-1.5万/月,06-25
Python开发工程师,因诺（上海）资产管理有限公司,北京-西城区,1-2万/月,06-25
python开发工程师,北京南天软件有限公司,北京,0.8-1.5万/月,06-25
EPR开发工程师（JAVA/Python）,紫光同芯微电子有限公司,北京-海淀区,1.5-2.5万/月,06-25
Python开发工程师-财务报表平台,字节跳动,北京,2-4万/月,06-25
Python高级开发工程师,北京棣南新宇科技有限公司,北京-海淀区,1.5-2万/月,06-25
Python开发,文思海辉技术有限公司Pactera Tec...,北京,1-1.5万/月,06-25
python爬虫高级开发工程师,北京连盈科技有限公司,北京-海淀区,1-3万/月,06-25
资深Python工程师,北京安德信业信息咨询有限责任公司...,北京-海淀区,2.5-4万/月,06-25
Python开发工程师,扬州万方电子技术有限责任公司,北京,1-1.5万/月,06-25
后端开发工程师（Python方向）,中金智汇科技有限责任公司,北京-大兴区,1-2万/月,06-25
软件测试工程师（C++、java、python）,北京天行汇通信息技术有限公司,北京,1-2万/月,06-25
python工程师,国和瑞斯（北京）科技有限公司,北京-海淀区,1-1.5万/月,06-25
python开发,深圳市捷兴电子商务有限公司,北京-朝阳区,2-3万/月,06-24
C++/JAVA/Python软件开发工程师,北京外企德科人力资源服务上海有限...,北京-海淀区,2-2.5万/月,06-24
Python开发工程师-北京-00113,北软互联（北京）科技有限公司,北京,1-1.5万/月,06-24
Python开发工程师,北京中软融通科技有限公司,北京,0.7-2万/月,06-24
python开发,上海雍米计算机科技有限公司,北京-朝阳区,2-3万/月,06-24
Python开发工程师---0201,北京视野金融信息服务有限公司,北京-海淀区,1.5-2.5万/月,06-24
python开发工程师-北京,中电福富信息科技有限公司,北京-海淀区,1-1.5万/月,06-24
Python开发工程师 数据挖掘,北京大申烽华科技有限责任公司,北京-海淀区,6-8千/月,06-24
python开发,广州华钧软件科技有限公司,北京-朝阳区,2-3万/月,06-24
Python开发工程师,随锐科技集团股份有限公司,北京-海淀区,2-2.5万/月,06-24
python开发工程师,360金融,北京-朝阳区,2.5-4万/月,06-24
爬虫工程师（Java或Python）,北京三六九数动科技有限公司,北京,2.5-3万/月,06-24
Python开发工程师,深圳市法本信息技术有限公司上海分...,北京,1.5-2.2万/月,06-24
Python工程师,北京先进数通信息技术股份公司,北京-丰台区,0.6-1万/月,06-24
Python/PHP开发工程师,北京华脉世纪石油科技有限公司,北京,0.8-1万/月,06-24
少儿编程讲师-python方向,达内时代科技集团有限公司,北京-大兴区,0.8-1.3万/月,06-24
python开发,深圳市若昕科技有限公司,北京-朝阳区,2-3万/月,06-24
Python算法研发工程师一名,北京立方天地科技发展有限责任公司...,北京-海淀区,1-3万/月,06-24
Python开发工程师,北京斯普信信息技术有限公司,北京,1-1.5万/月,06-24
Python开发工程师,北京安德医智科技有限公司,北京,1-1.8万/月,06-24
Python开发工程师,北京寄云鼎城科技有限公司,北京-海淀区,1.5-2万/月,06-24
诚聘Python数据工程师,北京环球医疗救援有限责任公司,北京-朝阳区,1.5-2万/月,06-24
Python开发工程师,天池创新（北京）软件技术有限公司...,北京-海淀区,1.5-2万/月,06-24
德企招Python 全栈工程师,上海科之锐人才咨询有限公司,北京,1-1.5万/月,06-23
Python开发工程师,上海天玑科技股份有限公司,北京-朝阳区,0.8-1.5万/月,06-23
计算机视觉算法工程师（python）(002083),北京辰安科技股份有限公司,北京,1.5-2万/月,06-23
Python高级开发工程师,北京文泽智远信息技术有限公司,北京-海淀区,1.5-2万/月,06-23
VBA/Python项目开发工程师,玛泽咨询（上海）有限公司,北京-朝阳区,0.9-1.2万/月,06-23
Python爬虫工程师,天津市淇奥科技发展有限公司,北京-朝阳区,0.8-1万/月,06-23
Python开发工程师-北京,杭州迪普科技股份有限公司,北京-海淀区,1-2万/月,06-23
Python开发工程师,沈阳信诚计算机信息技术有限公司,北京-海淀区,1.2-1.6万/月,06-22
建模工程师（C++/Python）G00115,中诚信国际信用评级有限责任公司,北京,25-30万/年,06-22
Python开发工程师,麦田春雪科贸（北京）有限公司,北京-朝阳区,1.5-2万/月,06-22
Python开发工程师,北明软件有限公司,北京-朝阳区,1-1.5万/月,06-22
后端开发工程师（Golang/Python）,北京大数医达科技有限公司,北京-海淀区,1.5-2万/月,06-22
python开发工程师（舆情方向）,太极计算机股份有限公司,北京-朝阳区,1.1-1.8万/月,06-22
